代码,名称,现价,正股代码,正股名称,规模,剩余规模,转股起始日,最后交易日,到期日,转股价,强赎触发比,强赎触发价,正股价,强赎价,强赎天计数,强赎条款,强赎状态
127067,恒逸转2,186.373,000703,恒逸石化,30.0,5.708,2023-01-30,2026-09-03,2028-07-21,10.32,130,13.416,19.2,100.25,23/15 | 30,如果公司股票连续三十个交易日中至少有十五个交易日的收盘价格不低于当期转股价格的 130%（含 130%）,已公告强赎
123112,万讯转债,169.4,300112,万讯自控,2.457,2.083,2021-10-14,2026-09-11,2027-04-08,6.43,130,8.359,10.7,101.332,16/15 | 30,如果公司股票连续三十个交易日中至少有十 五个交易日的收盘价不低于当期转股价格的 130%(含 130%),已公告强赎
123065,宝莱转债,114.95,300246,宝莱特,2.19,2.178,2021-03-11,2026-08-31,2026-09-04,18.3,130,23.79,15.23,,"临近到期 <span style=""color:red;font-weight:bold;"">!</span><br>2026-08-31 最后交易",如果公司股票在任何连续三十个交易日中至少十五个交易日的收盘价格不低于当期转股价格的130%(含130%),已公告强赎
128134,鸿路转债,117.207,002541,鸿路钢构,18.8,15.64,2021-04-15,2026-09-28,2026-10-09,17.49,130,22.737,19.86,,"临近到期 <span style=""color:red;font-weight:bold;"">!</span><br>2026-09-28 最后交易",如果公司股票连续三十个交易日中至少有十五个交易日的收盘价格不低于当期转股价格的130%(含 130%),已公告强赎
123241,欧通转债,861.0,300870,欧陆通,6.445,2.604,2025-01-13,,2030-07-05,30.8,130,40.04,220.25,,14/15 | 30,如果公司股票在任何连续三十个交易日中至少十五个交易日的收盘价格不低于当期转股价格的 130%（含 130%）；,
123261,普联转债,161.888,300996,普联软件,2.43,2.428,2026-06-11,,2031-12-05,12.97,130,16.861,14.05,,12/15 | 30,如果公司 A 股股票连续三十个交易日中至少十五个交易日的收盘价格不低于当期转股价格的 130%（含130%）,
127078,优彩转债,153.3,002998,优彩资源,6.0,4.158,2023-06-20,,2028-12-14,6.11,130,7.943,8.04,,10/15 | 30,如果公司股票在连续三十个交易日中至少十五个交易日的收盘价格不低于当期转股价格的 130%（含 130%）；,
118013,道通转债,177.761,688208,道通科技,12.8,12.796,2023-01-16,,2028-07-08,21.48,130,27.924,25.77,,7/15 | 30,如果公司股票在连续三十个交易日中至少十五个交易日的收盘价格不低于当期转股价格的 130%（含 130%）,
123258,胜蓝转02,357.7,300843,胜蓝股份,4.5,4.498,2026-03-03,,2031-08-28,54.36,130,70.668,137.49,,6/15 | 30,如果公司股票连续三十个交易日中至少有十五个交易日的收盘价格不低于当期转股价格的 130%（含 130%）,
127109,电化转债,177.0,002125,湘潭电化,4.87,4.866,2025-12-22,,2031-06-16,9.99,130,12.987,13.18,,4/15 | 30,当公司股票在任何连续三十个交易日中至少有十五个交易日的收盘价格不低于当期转股价格的 130%（含 130%）,
113066,平煤转债,139.196,601666,平煤股份,29.0,14.274,2023-09-22,,2029-03-16,7.46,130,9.698,9.91,,3/15 | 30,如果公司股票在任何连续30个交易日中至少15个交易日的收盘价格不低于当期转股价格的130%（含）,
113046,金田转债,137.129,601609,金田股份,15.0,14.992,2021-09-27,,2027-03-22,10.18,130,13.234,13.35,,3/15 | 30,如果本公司股票任意连续30个交易日中至少有15个交易日的收盘价不低于当期转股价格的130%(含 130%),
123118,惠城转债,866.721,300779,惠城环保,3.2,0.654,2022-01-13,,2027-07-07,10.33,130,13.429,68.53,,1/15 | 30,如果公司股票在任何连续三十个交易日中至少有十五个交易日的收盘价格不低于当期转股价格的 130%(含 130%),
123243,严牌转债,215.6,301081,严牌股份,4.679,2.607,2025-01-16,,2030-07-10,7.22,130,9.386,14.1,,1/15 | 30,如果公司股票在连续三十个交易日中至少十五个交易日的收盘价格不低于当期转股价格的 130%（含 130%）,
118035,国力转债,165.799,688103,国力电子,4.8,4.799,2023-12-18,,2029-06-12,62.31,130,81.003,77.22,,1/15 | 30,如果公司 A 股股票在连续三十个交易日中至少十五个交易日的收盘价格不低于当期转股价格的 130%（含 130%）；,
123113,仙乐转债,115.433,300791,仙乐健康,10.249,10.248,2021-10-25,,2027-04-19,31.69,130,41.197,17.37,,0/20 | 30,如果公司股票连续三十个交易日中至少有二十个交易日的收盘价不低于当期转股价格的130%(含130%),
123114,三角转债,127.847,300775,三角防务,9.044,8.999,2021-11-30,,2027-05-25,22.69,130,29.497,21.46,,0/20 | 30,如果公司股票连续三十个交易日中至少有二十个交易日的收盘价格不低于当期转股价格的130%(含130%),
123180,浙矿转债,130.1,300837,浙矿股份,3.2,3.196,2023-09-15,,2029-03-09,47.59,130,61.867,22.92,,0/15 | 30,如果公司 A 股股票在任意连续三十个交易日中至少十五个交易日的收盘价格不低于当期转股价格的130%（含）,
123183,海顺转债,130.721,300501,海顺新材,6.33,6.329,2023-10-09,,2029-03-23,11.63,130,15.119,10.07,,0/15 | 30,如果公司股票在任何连续三十个交易日中至少十五个交易日的收盘价格不低于当期转股价格的130%（含）,
123189,晓鸣转债,142.097,300967,晓鸣股份,3.29,3.286,2023-10-12,,2029-04-06,15.18,130,19.734,17.45,,0/15 | 30,在本次可转债转股期内，如果公司股票连续三十个交易日中至少有十五个交易日的收盘价格不低于当期转股价格的130%（含）,
123168,惠云转债,129.869,300891,惠云钛业,4.9,4.899,2023-05-29,,2028-11-23,10.74,130,13.962,7.56,,0/15 | 30,如果公司股票连续三十个交易日中至少有十五个交易日的收盘价格不低于当期转股价格的 130%（含 130%）,
123179,立高转债,123.385,300973,立高食品,9.5,9.499,2023-09-13,,2029-03-07,94.64,130,123.032,25.05,,0/15 | 30,如果公司股票在任意连续三十个交易日中至少十五个交易日的收盘价格不低于当期转股价格的130%（含）,
123178,花园转债,144.1,300401,花园生物,12.0,11.58,2023-09-11,,2029-03-06,13.34,130,17.342,15.2,,0/15 | 30,公司股票任何连续三十个交易日中至少十五个交易日的收盘价格不低于当期转股价格的130%（含）,
123173,恒锋转债,138.31,300605,恒锋信息,2.424,2.33,2023-07-06,,2028-12-30,10.0,130,13.0,10.23,,0/15 | 30,如果公司股票连续三十个交易日中至少有十五个交易日的收盘价不低于当期转股价格的 130%（含 130%）,
123172,漱玉转债,131.147,301017,漱玉平民,8.0,7.96,2023-06-21,,2028-12-15,14.91,130,19.383,13.39,,0/15 | 30,如果公司股票在任何连续三十个交易日中至少十五个交易日的收盘价格不低于当期转股价格的 130%（含 130%）,
128142,新乳转债,112.58,002946,新乳业,7.18,7.178,2021-06-24,,2026-12-18,17.5,130,22.75,15.33,,0/15 | 30,如果公司 A 股股票连续三十个交易日中至少有十五个交易日的收盘价不低于当期转股价格的130%(含130%),
123175,百畅转债,119.955,300614,百川畅银,4.2,4.199,2023-08-28,,2029-02-22,20.4,130,26.52,10.78,,0/15 | 30,如果公司股票在任意连续三十个交易日中至少十五个交易日的收盘价格不低于当期转股价格的 130%（含 130%）,
118065,艾为转债,141.259,688798,艾为电子,19.01,19.01,2026-07-28,,2032-01-22,79.4,130,103.22,61.93,,0/15 | 30,公司股票在任何连续三十个交易日中至少十五个交易日的收盘价格不低于当期转股价格的 130%（含 130%）,
123171,共同转债,132.212,300966,共同药业,3.8,3.799,2023-06-02,,2028-11-28,27.08,130,35.204,24.85,,0/15 | 30,如果公司股票在任意连续三十个交易日中至少十五个交易日的收盘价格不低于当期转股价格的 130%（含 130%）,
118063,金05转债,151.844,688676,金盘科技,16.71,16.707,2026-07-01,,2031-12-25,88.6,130,115.18,66.77,,0/15 | 30,如果公司股票连续三十个交易日中至少有十五个交易日的收盘价不低于当期转股价格的130%（含130%）,
123214,东宝转债,132.06,300239,东宝生物,4.55,4.549,2024-02-05,,2029-07-31,6.62,130,8.606,5.17,,0/15 | 30,如果公司 A 股股票在连续三十个交易日中至少十五个交易日的收盘价格不低于当期转股价格的 130%（含 130%）,
123211,阳谷转债,157.6,300121,阳谷华泰,6.5,3.07,2024-02-02,,2029-07-27,9.2,130,11.96,9.87,,0/15 | 30,如果公司股票连续三十个交易日中至少有十五个交易日的收盘价不低于当期转股价格的 130%（含 130%）；,
123215,铭利转债,125.035,301268,铭利达,10.0,8.555,2024-02-19,,2029-08-03,19.19,130,24.947,13.41,,0/15 | 30,如果公司股票在任意连续三十个交易日中至少十五个交易日的收盘价格不低于当期转股价格的 130%（含 130%）；,
123216,科顺转债,124.789,300737,科顺股份,21.98,21.959,2024-02-19,,2029-08-04,6.61,130,8.593,4.87,,0/15 | 30,如果公司股票在任意连续三十个交易日中至少十五个交易日的收盘价格不低于当期转股价格的 130%（含 130%）,
123220,易瑞转债,133.01,300942,易瑞生物,3.28,2.907,2024-02-26,,2029-08-18,8.85,130,11.505,6.83,,0/15 | 30,如果公司股票连续三十个交易日中至少有十五个交易日的收盘价格不低于当期转股价格的 130%（含 130%）；,
123209,聚隆转债,165.88,300644,南京聚隆,2.185,1.672,2024-02-01,,2029-07-26,17.52,130,22.776,20.4,,0/15 | 30,如果公司 A 股股票在任意连续三十个交易日中至少十五个交易日的收盘价格不低于当期转股价格的 130%；,
123199,山河转债,142.479,300452,山河药辅,3.2,3.197,2023-12-18,,2029-06-12,13.0,130,16.9,12.94,,0/15 | 30,如果公司股票在任意连续三十个交易日中至少十五个交易日的收盘价格不低于当期转股价格的130%（含130%）,
123193,海能转债,128.394,300787,海能实业,6.0,5.997,2023-10-19,,2029-04-13,14.5,130,18.85,10.01,,0/15 | 30,如果公司股票在任何连续三十个交易日中至少有十五个交易日的收盘价格不低于当期转股价格的 130%（含130%）,
123165,回天转债,135.247,300041,回天新材,8.5,8.496,2023-05-04,,2028-10-27,15.05,130,19.565,10.96,,0/15 | 30,如果公司股票连续三十个交易日中至少有十五个交易日的收盘价格不低于当期转股价格的 130%（含 130%）,
123194,百洋转债,137.601,301015,百洋医药,8.6,8.459,2023-10-20,,2029-04-14,24.79,130,32.227,24.6,,0/15 | 30,如果公司股票连续三十个交易日中至少有十五个交易日的收盘价格不低于当期转股价格的 130%（含 130%）；,
123195,蓝晓转02,175.299,300487,蓝晓科技,5.461,5.455,2023-10-23,,2029-04-17,59.21,130,76.973,63.5,,0/15 | 30,如果公司股票在任何连续三十个交易日中至少十五个交易日的收盘价格不低于当期转股价格的130%（含130%）；,
123196,正元转02,127.4,300645,正元智慧,3.507,3.501,2023-10-24,,2029-04-18,21.91,130,28.483,13.26,,0/15 | 30,如果公司A股股票在任意连续三十个交易日中至少十五个交易日的收盘价格不低于当期转股价格的130%（含）,
123192,科思转债,126.42,300856,科思股份,7.249,7.187,2023-10-19,,2029-04-13,17.32,130,22.516,10.92,,0/15 | 30,如果公司股票在任何连续三十个交易日中至少十五个交易日的收盘价格不低于当期转股价格的 130%（含 130%）,
123154,火星转债,127.665,300894,火星人,5.29,5.289,2023-02-13,,2028-08-05,16.0,130,20.8,11.78,,0/15 | 30,如果公司 A 股股票在任意连续三十个交易日中至少十五个交易日的收盘价格不低于当期转股价格的 130%（含 130%）,
123109,昌红转债,124.89,300151,昌红科技,4.6,4.595,2021-10-08,,2027-04-01,26.64,130,34.632,16.53,,0/15 | 30,如果公司股票在任何连续三十个交易日中至少十五个交易日的收盘价格不低于当期转股价格的 130%(含 130%),
123107,温氏转债,114.025,300498,温氏股份,92.97,77.063,2021-10-08,,2027-03-29,16.09,130,20.917,14.18,,0/15 | 30,如果公司股票连续三十个交易日中至少有十五个交易日的收盘价格不低于当期转股价格的 130%(含 130%),
128138,侨银转债,130.89,002973,侨银股份,4.2,4.199,2021-05-24,,2026-11-17,10.6,130,13.78,12.37,,0/15 | 30,如果公司股票连续30个交易日中至少有15个交易日的收盘价格不低于当期转股价格的130%(含130%),
123072,乐歌转债,119.732,300729,乐歌股份,1.42,1.418,2021-04-27,,2026-10-21,32.61,130,42.393,10.28,,0/15 | 30,如果公司股票在任意连续三十个交易日中至少十五个交易日的收盘价格不低于当期转股价格的130%(含 130%),
123071,天能转债,114.716,300569,天能重工,7.0,6.937,2021-04-27,,2026-10-21,6.68,130,8.684,4.71,,0/15 | 30,如果公司股票在任何连续三十个交易日中至少十五个交易日的收盘价格不低于当期转股价格的130%(含130%),
123104,卫宁转债,127.372,300253,卫宁健康,9.703,9.699,2021-09-22,,2027-03-16,7.02,130,9.126,6.82,,0/15 | 30,如果公司股票在任意连续三十个交易日中至少十五个交易日的收盘价格不低于当期转股价格的130%(含130%),
123092,天壕转债,119.55,300332,天壕能源,4.23,3.416,2021-06-30,,2026-12-24,4.97,130,6.461,5.02,,0/15 | 30,如果公司A股股票在任意连续三十个交易日中至少十五个交易日的收盘价格不低于当期转股价格的 130%(含 130%),
123080,海波转债,125.638,300517,海波重科,2.45,1.485,2021-06-08,,2026-12-02,11.28,130,14.664,10.35,,0/15 | 30,如果公司股票在任意连续三十个交易日中至少十五个交 易日的收盘价格不低于当期转股价格的 130%(含 130%),
123076,强力转债,127.192,300429,强力新材,8.5,3.393,2021-05-25,,2026-11-19,10.6,130,13.78,11.36,,0/15 | 30,如果公司股票在任何连续三十个交易日中至少十五个交易日的收盘价格不低于当期转股价格的 130%(含 130%),
123088,威唐转债,116.33,300707,威唐工业,3.014,3.004,2021-06-21,,2026-12-15,14.97,130,19.461,12.25,,0/15 | 30,如果公司A股股票在连续三十个交易日内至少有十五个交易日的收盘价不低于当期转股价格的130%(含 130%),
110075,南航转债,106.472,600029,南方航空,160.0,58.959,2021-04-21,,2026-10-15,6.17,130,8.021,5.03,,0/15 | 30,如果公司A股股票在任何连续三十个交易日中至少十五个交易日的收盘价格不低于当期转股价格的 130%(含 130%),
123091,长海转债,130.061,300196,长海股份,5.5,5.461,2021-06-29,,2026-12-23,14.99,130,19.487,17.06,,0/15 | 30,如果公司A股股票连续三十个交易日中至少有十五个交易日的收盘价格不低于当期转股价格的 130%(含 130%),
123117,健帆转债,113.802,300529,健帆生物,10.0,9.998,2021-12-29,,2027-06-23,38.15,130,49.595,15.9,,0/15 | 30,在转股期内，如果公司A股股票在任意连续三十个交易日中至少十五个交易日的收盘价格不低于当期转股价格的 130%(含 130%),
123119,康泰转2,124.989,300601,康泰生物,20.0,19.99,2022-01-21,,2027-07-15,15.69,130,20.397,13.55,,0/15 | 30,如果公司股票在任何连续30个交易日中至少15个交易日的收盘价格超过当期转股价格的130%(含 130%),
123222,博俊转债,149.943,300926,博俊科技,5.0,2.438,2024-03-14,,2029-09-08,16.46,130,21.398,17.18,,0/15 | 30,如果公司股票在任何连续三十个交易日中至少十五个交易日的收盘价格不低于当期转股价格的 130%（含 130%）,
123149,通裕转债,133.162,300185,通裕重工,14.847,11.069,2022-12-26,,2028-06-20,2.71,130,3.523,2.72,,0/15 | 30,如果公司股票在任意连续三十个交易日中至少十五个交易日的收盘价格不低于当期转股价格的 130%（含 130%）；,
123150,九强转债,135.151,300406,九强生物,11.39,11.21,2023-01-06,,2028-06-30,11.6,130,15.08,11.77,,0/15 | 30,如果公司股票连续三十个交易日中至少有十五个交易日的收盘价格不低于当期转股价格的 130%（含 130%）,
123151,康医转债,120.657,300869,康泰医学,7.0,6.998,2023-01-09,,2028-07-01,27.55,130,35.815,11.6,,0/15 | 30,如果公司 A 股股票在任意连续三十个交易日中至少十五个交易日的收盘价格不低于当期转股价格的 130%（含 130%）,
123155,中陆转债,134.88,301040,中环海陆,3.6,3.6,2023-02-20,,2028-08-12,31.76,130,41.288,27.19,,0/15 | 30,如果公司股票在连续三十个交易日中至少十五个交易日的收盘价格不低于当期转股价格的 130%（含 130%）,
123144,裕兴转债,131.2,300305,裕兴股份,6.0,5.997,2022-10-17,,2028-04-11,7.0,130,9.1,6.13,,0/15 | 30,如果公司A 股股票连续三十个交易日中至少有十五个交易日的收盘价格不低于当期转股价格的130%（含130%）,
123142,申昊转债,125.799,300853,申昊科技,5.5,5.494,2022-09-26,,2028-03-18,33.71,130,43.823,26.86,,0/15 | 30,如果公司A股股票在任意连续三十个交易日中至少十五个交易日的收盘价格不低于当期转股价格的 130%（含 130%）,
123122,富瀚转债,127.94,300613,富瀚微,5.812,5.801,2022-02-14,,2027-08-06,91.5,130,118.95,70.68,,0/15 | 30,如果公司股票在任意连续三十个交易日中至少有十五个交易日的收盘价格不低于当期转股价格的%(含 130%),
123124,晶瑞转2,142.92,300655,晶瑞电材,5.23,5.224,2022-02-21,,2027-08-16,12.79,130,16.627,13.14,,0/15 | 30,如果公司 A 股股票连续三十个交易日中至少有十五个交易日的收盘价不低于当期转股价格的 130%(含 130%),
123133,佩蒂转债,130.209,300673,佩蒂股份,7.2,7.198,2022-06-28,,2027-12-22,15.0,130,19.5,12.81,,0/15 | 30,如果公司股票在任何连续三十个交易日中至少十五个交易日的收盘价格不低于当期转股价格的 130%(含 130%),
123138,丝路转债,128.784,300556,丝路视觉,2.4,2.393,2022-09-08,,2028-03-02,26.53,130,34.489,16.19,,0/15 | 30,如果公司股票在任何连续三十个交易日中至少十五个交易日的收盘价格不低于当期转股价格的130%（含130%）,
123157,科蓝转债,140.591,300663,科蓝软件,4.946,2.34,2023-03-06,,2028-08-30,8.8,130,11.44,8.61,,0/15 | 30,如果公司 A 股股票在任意连续三十个交易日中至少十五个交易日的收盘价格不低于当期转股价格的 130%（含 130%）；,
123229,艾录转债,132.588,301062,上海艾录,5.0,1.779,2024-04-29,,2029-10-23,9.95,130,12.935,7.09,,0/15 | 30,如果公司股票在任何连续三十个交易日中至少有十五个交易日的收盘价格不低于当期转股价格的 130%（含130%）,
127069,小熊转债,130.106,002959,小熊电器,5.36,5.041,2023-02-20,,2028-08-12,43.71,130,56.823,32.73,,0/15 | 30,如果公司股票在任何连续三十个交易日中至少有十五个交易日的收盘价格不低于当期转股价格的 130%（含 130%）；,
127068,顺博转债,125.496,002996,顺博合金,8.3,8.3,2023-02-20,,2028-08-12,10.0,130,13.0,6.24,,0/15 | 30,如果公司股票任意连续三十个交易日中至少有十五个交易日的收盘价格不低于当期转股价格的 130%,
127072,博实转债,137.44,002698,博实股份,4.5,4.498,2023-03-28,,2028-09-22,14.81,130,19.253,12.26,,0/15 | 30,如果公司股票连续三十个交易日中至少有十五个交易日的收盘价不低于当期转股价格的 130%（含 130%）,
127082,亚科转债,136.284,002540,亚太科技,11.59,11.585,2023-09-15,,2029-03-09,5.22,130,6.786,5.12,,0/15 | 30,如果公司股票在任何连续三十个交易日中至少十五个交易日的收盘价格不低于当期转股价格的 130%（含 130%）,
127084,柳工转2,141.399,000528,柳工,30.0,24.809,2023-10-09,,2029-03-27,6.98,130,9.074,7.95,,0/15 | 30,如果公司股票连续三十个交易日中至少有十五个交易日的收盘价不低于当期转股价格的130%（含）,
127083,山路转债,119.8,000498,山东路桥,48.36,48.359,2023-10-09,,2029-03-24,7.42,130,9.646,4.94,,0/15 | 30,如果公司股票在任意连续三十个交易日中至少十五个交易日的收盘价格不低于当期转股价格的130%（含）,
128136,立讯转债,118.96,002475,立讯精密,30.0,29.817,2021-05-10,,2026-11-03,55.67,130,72.371,57.18,,0/15 | 30,如果公司股票在任何连续三十个交易日中至少有十五个交易日的收盘价格不低于当期转股价格的130%(含130%),
127064,杭氧转债,141.899,002430,杭氧股份,11.37,11.364,2022-11-25,,2028-05-19,25.67,130,33.371,24.65,,0/15 | 30,如果公司 A 股股票连续 30 个交易日中至少有15 个交易日的收盘价格不低于当期转股价格的 130%（含 130%）,
127059,永东转2,131.603,002753,永东股份,3.8,3.79,2022-10-14,,2028-04-08,8.11,130,10.543,6.64,,0/15 | 30,如果公司A股股票连续三十个交易日中至少有十五个交易日的收盘价格不低于当期转股价格的 130%（含 130%）；,
127056,中特转债,129.646,000708,中信特钢,50.0,49.996,2022-09-05,,2028-02-25,13.89,130,18.057,13.95,,0/15 | 30,如果公司股票在任意连续三十个交易日中至少十五个交易日的收盘价格不低于当期转股价格的 130%（含 130%）,
127060,湘佳转债,130.069,002982,湘佳股份,6.4,6.399,2022-10-25,,2028-04-19,13.8,130,17.94,12.56,,0/15 | 30,如果公司股票连续三十个交易日中至少有十五个交易日的收盘价不低于当期转股价格的 130%（含 130%）；,
127061,美锦转债,114.98,000723,美锦能源,35.9,27.856,2022-10-26,,2028-04-20,3.47,130,4.511,3.9,,0/15 | 30,如果公司A股股票连续三十个交易日中至少有十五个交易日的收盘价格不低于当期转股价格的 130%（含130%）,
127062,垒知转债,126.2,002398,垒知集团,3.963,3.957,2022-10-27,,2028-04-21,7.56,130,9.828,4.21,,0/15 | 30,如果公司股票在任何连续三十个交易日中至少十五个交易日的收盘价格不低于当期转股价格的 130%（含 130%）,
127085,韵达转债,121.902,002120,韵达股份,24.5,24.499,2023-10-17,,2029-04-11,11.53,130,14.989,6.69,,0/15 | 30,如果公司股票在任何连续三十个交易日中至少有十五个交易日的收盘价格不低于当期转股价格的 130%（含130%）,
127089,晶澳转债,122.899,002459,晶澳科技,89.603,89.588,2024-01-24,,2029-07-18,8.9,130,11.57,7.18,,0/15 | 30,公司股票连续三十个交易日中至少有十五个交易日的收盘价格不低于当期转股价格的 130%（含 130%）；,
127108,太能转债,125.226,000591,太阳能,29.5,29.498,2025-10-09,,2031-03-28,5.54,130,7.202,4.32,,0/15 | 30,公司股票连续三十个交易日中至少有十五个交易日的收盘价不低于当期转股价格的 130%（含 130%）,
127105,龙星转债,133.513,002442,龙星科技,7.54,7.534,2024-08-07,,2030-01-31,5.8,130,7.54,5.22,,0/15 | 30,如果公司 A 股股票在任何连续三十个交易日中至少十五个交易日的收盘价格不低于当期转股价格的 130%（含130%）；,
127110,广核转债,139.401,003816,中国广核,49.0,48.992,2026-01-15,,2031-07-09,3.58,130,4.654,4.18,,0/15 | 30,如果公司 A 股股票在任意连续三十个交易日中至少有十五个交易日的收盘价格不低于当期转股价格的 130%（含 130%）,
127111,金威转债,142.371,002626,金达威,12.924,12.924,2026-02-26,,2031-08-20,19.19,130,24.947,16.91,,0/15 | 30,公司股票连续三十个交易日中至少有十五个交易日的收盘价不低于当期转股价格的 130%（含本数）；,
127112,尚太转债,161.7,001301,尚太科技,17.34,17.339,2026-07-22,,2032-01-16,60.02,130,78.026,60.55,,0/15 | 30,如果公司股票在任意连续三十个交易日中至少有十五个交易日的收盘价不低于当期转股价格的130%（含130%）,
127104,姚记转债,144.19,002605,姚记科技,5.831,5.822,2024-07-31,,2030-01-24,19.58,130,25.454,17.36,,0/15 | 30,如果公司股票在任何连续三十个交易日中至少有十五个交易日的收盘价格不低于当期转股价格的 130%（含130%）；,
127103,东南转债,141.929,002135,东南网架,20.0,19.999,2024-07-09,,2030-01-03,5.59,130,7.267,6.73,,0/15 | 30,如果公司 A 股股票连续三十个交易日中至少有十五个交易日的收盘价格不低于当期转股价格的 130%（含 130%）,
127095,广泰转债,146.548,002111,威海广泰,7.0,6.927,2024-04-24,,2029-10-18,8.83,130,11.479,9.41,,0/15 | 30,如果公司股票连续三十个交易日中至少十五个交易日的收盘价格不低于当期转股价格的 130%（含 130%）；,
127093,章鼓转债,130.695,002598,ST章鼓,2.43,2.425,2024-04-23,,2029-10-17,8.3,130,10.79,6.86,,0/15 | 30,如果公司股票任意连续三十个交易日中至少十五个交易日的收盘价格不低于当期转股价格的 130%（含 130%）,
127098,欧晶转债,125.728,001269,欧晶科技,4.7,4.693,2024-05-30,,2029-11-24,42.0,130,54.6,19.05,,0/15 | 30,如果公司 A 股股票在任意连续三十个交易日中至少十五个交易日的收盘价格不低于当期转股价格的130%（含130%）,
127099,盛航转债,136.214,001205,盛航股份,7.4,4.541,2024-06-12,,2029-12-06,15.33,130,19.929,14.4,,0/15 | 30,如果公司股票连续三十个交易日中至少有十五个交易日的收盘价格不低于当期转股价格的 130%（含 130%）,
127102,浙建转债,122.2,002761,浙江建投,10.0,9.951,2024-07-01,,2029-12-25,10.17,130,13.221,7.2,,0/15 | 30,如果公司 A 股股票连续三十个交易日中至少有十五个交易日的收盘价格不低于当期转股价格的 130%（含130%）,
127054,双箭转债,126.429,002381,双箭股份,5.136,5.136,2022-08-17,,2028-02-11,6.96,130,9.048,5.55,,0/15 | 30,"如果公司股票在任何连续三十个交易日中至少有十五个交易日的收盘价格不低于当期转股价格的 130%（含
130%）",
127050,麒麟转债,130.398,002984,森麒麟,21.989,20.86,2022-05-17,,2027-11-11,15.07,130,19.591,14.13,,0/15 | 30,如果公司股票连续 30 个交易日中至 少有 15 个交易日的收盘价格不低于当期转股价格的 130%(含 130%),
123253,永贵转债,134.83,300351,永贵电器,9.8,9.797,2025-09-19,,2031-03-13,18.19,130,23.647,14.26,,0/15 | 30,如果公司股票在任何连续三十个交易日中至少十五个交易日的收盘价格不低于当期转股价格的 130%（含 130%）,
123252,银邦转债,137.112,300337,银邦股份,7.85,7.846,2025-07-14,,2031-01-06,12.5,130,16.25,9.97,,0/15 | 30,如果公司股票连续三十个交易日中至少有十五个交易日的收盘价格不低于当期转股价格的 130%（含 130%）,
123257,安克转债,161.269,300866,安克创新,11.048,11.046,2025-12-22,,2031-06-16,106.72,130,138.736,126.2,,0/15 | 30,如果公司股票连续三十个交易日中至少有十五个交易日的收盘价格不低于当期转股价格的 130%（含 130%）,
123260,卓镁转债,143.0,301398,星源卓镁,4.5,4.499,2026-05-13,,2031-11-07,52.15,130,67.795,31.87,,0/15 | 30,如果发行人股票在任何连续三十个交易日中至少有十五个交易日的收盘价格不低于当期转股价格的 130%（含 130%）；,
123263,鼎捷转债,145.2,300378,鼎捷数智,8.28,8.275,2026-06-22,,2031-12-15,43.42,130,56.446,31.21,,0/15 | 30,如果公司股票在任意连续三十个交易日中至少十五个交易日的收盘价格不低于当期转股价格的 130%（含 130%）,
123262,神宇转债,133.92,300563,神宇股份,5.0,4.999,2026-06-17,,2031-12-11,38.62,130,50.206,25.06,,0/15 | 30,如果公司股票在任意连续三十个交易日中至少有十五个交易日的收盘价格不低于当期转股价格的 130%（含 130%）。,
123250,嘉益转债,126.648,301004,嘉益股份,3.979,3.955,2025-05-13,,2030-11-07,79.66,130,103.558,35.2,,0/15 | 30,公司股票在任何连续三十个交易日中至少十五个交易日收盘价格不低于当期转股价格的 130%（含 130%）；,
118052,浩瀚转债,137.833,688292,浩瀚深度,3.54,3.539,2025-09-19,,2031-03-13,24.2,130,31.46,17.45,,0/15 | 30,如果公司股票在任何连续三十个交易日中至少十五个交易日的收盘价格不低于当期转股价格的 130%（含 130%）；,
123225,翔丰转债,142.901,300890,翔丰华,8.0,5.585,2024-04-16,,2029-10-10,27.34,130,35.542,27.71,,0/15 | 30,如果公司股票在任意连续三十个交易日中至少十五个交易日的收盘价格不低于当期转股价格的 130%（含 130%）,
123224,宇邦转债,137.169,301266,宇邦新材,5.0,2.848,2024-03-25,,2029-09-19,28.17,130,36.621,23.26,,0/15 | 30,如果公司股票在连续三十个交易日中至少十五个交易日的收盘价格不低于当期转股价格的 130%（含 130%）；,
128135,洽洽转债,114.753,002557,洽洽食品,13.4,13.398,2021-04-26,,2026-10-20,54.95,130,71.435,18.5,,0/15 | 30,如果公司股票连续三十个交易日中至少有十五个交易日的收盘价格不低于当期转股价格的130%(含130%),
123235,亿田转债,154.599,300911,亿田智能,5.202,4.352,2024-06-27,,2029-12-21,21.31,130,27.703,22.14,,0/15 | 30,如果公司股票在任何连续三十个交易日中至少十五个交易日的收盘价格不低于当期转股价格的 130%（含 130%）；,
123237,佳禾转债,137.09,300793,佳禾智能,10.04,4.314,2024-07-10,,2030-01-04,13.46,130,17.498,11.33,,0/15 | 30,如果公司股票在任意连续三十个交易日中至少有十五个交易日的收盘价格不低于当期转股价格的 130%（含 130%）,
123264,双乐转债,124.25,301036,双乐股份,8.0,8.0,2026-07-06,,2031-12-26,36.4,130,47.32,22.23,,0/15 | 30,如果公司股票在任意连续三十个交易日中至少有十五个交易日的收盘价格不低于当期转股价格的 130%（含 130%）,
123265,耐普转02,138.7,300818,耐普矿机,4.5,4.499,2026-07-22,,2032-01-16,29.5,130,38.35,19.14,,0/15 | 30,如果公司股票在连续三十个交易日中至少十五个交易日的收盘价格不低于当期转股价格的 130%（含 130%）,
127045,牧原转债,120.201,002714,牧原股份,95.5,95.429,2022-02-21,,2027-08-16,43.32,130,56.316,40.8,,0/15 | 30,如果公司 A 股股票连续三十个交易日中至少有十五个交易日的收盘价不低于当期转股价格的 130%(含 130%),
127044,蒙娜转债,116.601,002918,蒙娜丽莎,11.689,3.368,2022-02-21,,2027-08-16,19.76,130,25.688,10.3,,0/15 | 30,如果公司股票在任何连续三十个交易日中至少十五个交易日的收盘价格不低于当期转股价格的 130%(含 130%),
127046,百润转债,128.75,002568,百润股份,11.28,11.274,2022-04-12,,2027-09-29,20.33,130,26.429,17.49,,0/15 | 30,如果公司股票在任何连续三十个交易日中至少十五个交易日的收盘价格不低于当期转股价格的 130%(含 130%),
127047,帝欧转债,139.5,002798,帝欧水华,15.0,4.654,2022-04-29,,2027-10-25,5.1,130,6.63,5.88,,0/15 | 30,如果公司股票连续 30 个交易日中至少有 15 个交易日的收盘价格不低于当期转股价格的 130%(含 130%),
127049,希望转2,113.118,000876,新希望,81.5,81.434,2022-05-09,,2027-11-02,10.59,130,13.767,7.07,,0/15 | 30,在本次发行的可转换公司债券转股期内，如果公司 A 股股票连续三十个交易日中至少有十五个交易日的收盘价不低于当期转股价 格的 130%(含 130%),
127040,国泰转债,123.038,002091,江苏国泰,45.574,39.863,2022-01-13,,2027-07-07,7.35,130,9.555,7.84,,0/15 | 30,如果公司股票在连续三十个交易日内至少有十五个交易日的收盘价不低于当期转股价格的 130%(含 130%),
127038,国微转债,117.856,002049,紫光国微,15.0,14.915,2021-12-17,,2027-06-10,97.01,130,126.113,63.25,,0/15 | 30,如果公司股票在任何连续三十个交易日中至少十五个交易日的收盘价格不低于当期转股价格的130%(含130%),
127027,能化转债,111.25,000552,甘肃能化,28.0,19.463,2021-06-16,,2026-12-10,2.93,130,3.809,2.65,,0/15 | 30,如果公司股票在任何连续 30 个交易日中至少 15 个交易日的 收盘价格不低于当期转股价格的 130%(含 130%),
127025,冀东转债,105.722,000401,金隅冀东,28.2,17.764,2021-05-11,,2026-11-05,12.92,130,16.796,3.62,,0/15 | 30,如果公司股票在任何连续三十个交易日中至少十五个交易日的收盘价格不低于当期转股价格的130%(含130%),
127030,盛虹转债,119.895,000301,东方盛虹,50.0,49.974,2021-09-27,,2027-03-22,13.21,130,17.173,13.63,,0/15 | 30,如果公司股票连续30个交易日中至少有15个交易日的收盘价格不低于当期转股价格的130%(含130%),
127031,洋丰转债,123.62,000902,新洋丰,10.0,9.999,2021-10-08,,2027-03-25,16.79,130,21.827,14.39,,0/15 | 30,如果公司股票连续30个交易日中至少有15个交 易日的收盘价格不低于当期转股价格的130%(含 130%),
127034,绿茵转债,122.703,002887,绿茵生态,7.12,4.279,2021-11-11,,2027-04-30,11.21,130,14.573,9.71,,0/15 | 30,公司股票连续三十个交易日中至少十五个交易日的收盘价格 不低于当期转股价格的 130%(含 130%),
123223,九典转02,135.914,300705,九典制药,3.6,2.052,2024-03-21,,2029-09-15,14.55,130,18.915,11.46,,0/15 | 30,如果公司 A 股股票在任何连续 30 个交易日中至少 15 个交易日的收盘价格不低于当期转股价格的 130%（含 130%）；,
123090,三诺转债,111.584,300298,三诺生物,5.0,4.984,2021-06-25,,2026-12-21,34.52,130,44.876,16.13,,0/15 | 30,如果公司A股股票在任意连续三十个交易日中至少十五个 交易日的收盘价格不低于当期转股价格的 130%(含 130%),
113643,风语转债,140.998,603466,风语筑,5.0,4.992,2022-10-10,,2028-03-25,11.8,130,15.34,11.09,,0/15 | 30,如果公司股票在任何连续三十个交易日中至少十五个交易日的收盘价格不低于当期转股价格的 130%（含 130%）,
113640,苏利转债,132.66,603585,苏利股份,9.572,7.39,2022-08-22,,2028-02-16,10.84,130,14.092,10.3,,0/15 | 30,如果公司股票连续三十个交易日中至少有十五个交易日的收盘价格不低于当期转股价格的 130%（含 130%）。,
110095,双良转债,118.469,600481,双良节能,26.0,14.006,2024-02-19,,2029-08-08,6.18,130,8.034,4.34,,0/15 | 30,如果公司股票在连续三十个交易日中至少十五个交易日的收盘价格不低于当期转股价格的 130%（含 130%）,
113646,永吉转债,162.326,603058,永吉股份,1.459,1.372,2022-10-20,,2028-04-14,8.05,130,10.465,9.27,,0/15 | 30,公司股票在任何连续三十个交易日中至少有十五个交易日的收盘价格不低于当期转股价格的 130%（含 130%）,
113647,禾丰转债,119.655,603609,禾丰股份,15.0,14.669,2022-10-28,,2028-04-22,10.09,130,13.117,6.46,,0/15 | 30,如果公司股票连续三十个交易日中至少有十五个交易日的收盘价格不低于当期转股价格的 130%（含 130%）,
113649,丰山转债,134.951,603810,丰山集团,5.0,4.577,2023-01-03,,2028-06-27,13.61,130,17.693,12.48,,0/15 | 30,如果公司股票连续三十个交易日中至少有十五个交易日的收盘价格不低于当期转股价格的 130%（含 130%）,
113648,巨星转债,119.435,603477,巨星农牧,10.0,8.997,2022-10-31,,2028-04-25,24.84,130,32.292,15.14,,0/15 | 30,如果公司股票在任意连续三十个交易日中至少有十五个交易日的收盘价格不低于当期转股价格的 130%（含）,
113638,台21转债,127.873,603055,台华新材,6.0,5.997,2022-07-05,,2027-12-29,16.01,130,20.813,9.3,,0/15 | 30,如果公司股票在任何连续三十个交易日中至少十五个交易日的收盘价格不低于当期转股价格的 130%（含 130%）,
113636,甬金转债,135.866,603995,甬金股份,10.0,9.995,2022-06-17,,2027-12-13,26.22,130,34.086,25.1,,0/15 | 30,如果公司股票连续三十个交易日中至少有十五个交易日的收盘价格不低于当期转股价格的 130%（含 130%）,
110098,南药转债,138.439,600713,南京医药,10.815,10.814,2025-07-01,,2030-12-25,4.95,130,6.435,5.28,,0/15 | 30,公司股票在任何连续三十个交易日中至少十五个交易日的收盘价格不低于当期转股价格的130%（含 130%）；,
113627,太平转债,116.092,603877,太平鸟,8.0,7.997,2022-01-21,,2027-07-15,20.61,130,26.793,12.5,,0/15 | 30,如果公司股票在任意连续三十个交易日中至少十五个交 易日的收盘价格不低于当期转股价格的 130%(含 130%),
113631,皖天转债,137.297,603689,皖天然气,9.3,5.958,2022-05-12,,2027-11-08,6.51,130,8.463,7.6,,0/15 | 30,如果公司股票连续三十个交易日中至少有十五个交易日的收盘价格不低于当期转股价格的 130%(含 130%),
113633,科沃转债,113.487,603486,科沃斯,10.4,10.396,2022-06-06,,2027-11-30,172.97,130,224.861,53.03,,0/15 | 30,如果公司A股股票连续三十个交易日中至少有 十五个交易日的收盘价格不低于当期转股价格的 130%(含 130%),
113634,珀莱转债,125.76,603605,珀莱雅,7.517,7.507,2022-06-14,,2027-12-08,94.27,130,122.551,62.34,,0/15 | 30,如果公司股票在任何连续三十个交易日中至少十五个交易日的收盘价格不低于当期转股价格的 130%（含 130%）,
110097,天润转债,145.24,600419,天润乳业,9.9,9.89,2025-04-30,,2030-10-24,8.19,130,10.647,8.71,,0/15 | 30,如果公司 A 股股票连续三十个交易日中至少有十五个交易日的收盘价不低于当期转股价格的 130%（含 130%）,
113650,博22转债,124.605,603916,苏博特,8.0,7.995,2023-01-09,,2028-07-01,23.27,130,30.251,11.5,,0/15 | 30,如果公司股票在任何连续三十个交易日中至少十五个交易日的收盘价格不低于当期转股价格的 130%（含 130%）,
113652,伟22转债,128.587,603568,伟明环保,14.77,14.766,2023-01-30,,2028-07-22,19.02,130,24.726,15.04,,0/15 | 30,如果公司股票任何连续三十个交易日中至少十五个交易日的收盘价不低于当期转股价格的 130%（含 130%）,
110093,神马转债,125.459,600810,神马股份,30.0,22.199,2023-09-22,,2029-03-16,8.08,130,10.504,6.57,,0/15 | 30,公司股票连续三十个交易日中至少有十五个交易日的收盘价格不低于当期转股价格的130%（含）,
113674,华设转债,129.429,603018,华设集团,4.0,3.999,2024-01-29,,2029-07-21,6.95,130,9.035,5.28,,0/15 | 30,如果公司 A 股股票在任意连续三十个交易日中至少十五个交易日的收盘价格不低于当期转股价格的 130%（含 130%）；,
113678,中贝转债,143.99,603220,中贝通信,5.17,5.106,2024-04-25,,2029-10-19,20.47,130,26.611,18.91,,0/15 | 30,如果公司股票在连续三十个交易日内至少有十五个交易日的收盘价不低于当期转股价格的130%（含130%）；,
113679,芯能转债,126.565,603105,芯能科技,8.8,8.799,2024-05-06,,2029-10-26,12.55,130,16.315,7.88,,0/15 | 30,如果公司 A 股股票在任意连续 30 个交易日中至少 15 个交易日的收盘价格不低于当期转股价格的 130%（含 130%）；,
113680,丽岛转债,138.379,603937,丽岛新材,3.0,2.998,2024-05-21,,2029-11-15,12.91,130,16.783,11.69,,0/15 | 30,如果公司 A 股股票在任意连续三十个交易日中至少十五个交易日的收盘价格不低于当期转股价格的 130%（含 130%）；,
110092,三房转债,73.531,600370,*ST三房,25.0,21.185,2023-07-12,,2029-01-06,3.02,130,3.926,1.57,,0/15 | 30,当公司股票在任何连续三十个交易日中至少有十五个交易日的收盘价格不低于当期转股价格的 130%（含 130%）,
113671,武进转债,129.632,603878,武进不锈,3.1,3.093,2024-01-15,,2029-07-10,7.88,130,10.244,5.08,,0/15 | 30,如果公司股票在任何连续三十个交易日中至少有十五个交易日的收盘价格不低于当期转股价格的 130%（含 130%）；,
113670,金23转债,124.359,603180,金牌家居,7.7,7.7,2023-10-23,,2029-04-17,37.54,130,48.802,15.35,,0/15 | 30,如果公司股票在任何连续三十个交易日中至少十五个交易日的收盘价格不低于当期转股价格的130%（含）,
113656,嘉诚转债,122.722,603535,嘉诚国际,8.0,7.998,2023-03-07,,2028-09-01,10.33,130,13.429,6.26,,0/15 | 30,如果公司股票在任何连续 30 个交易日中至少有 15 个交易日的收盘价格不低于当期转股价格的 130%（含 130%）；,
113655,欧22转债,121.677,603833,欧派家居,20.0,19.999,2023-02-13,,2028-08-05,51.29,130,66.677,32.58,,0/15 | 30,如果公司股票在任何连续三十个交易日中至少有十五个交易日的收盘价格不低于当期转股价格的 130%（含 130%）,
113659,莱克转债,134.427,603355,莱克电气,12.0,11.998,2023-04-20,,2028-10-14,31.72,130,41.236,29.01,,0/15 | 30,如果公司股票在任何连续 30 个交易日中至少 15 个交易日的收盘价格不低于当期转股价格的 130%（含 130%）,
113661,福22转债,139.866,603806,福斯特,30.3,30.297,2023-05-29,,2028-11-22,14.59,130,18.967,15.34,,0/15 | 30,如果公司股票在任何连续三十个交易日中至少有十五个交易日的收盘价格不低于当期转股价格的 130%（含 130%）；,
113666,爱玛转债,122.73,603529,爱玛科技,20.0,19.994,2023-09-01,,2029-02-23,37.06,130,48.178,21.48,,0/15 | 30,如果公司股票在任何连续 30 个交易日中至少 15 个交易日的收盘价格不低于当期转股价格的 130%（含 130%）,
113665,汇通转债,130.032,603176,汇通集团,3.6,3.596,2023-06-21,,2028-12-15,6.28,130,8.164,5.26,,0/15 | 30,如果公司股票在任何连续三十个交易日中至少有十五个交易日的收盘价格不低于当期转股价格的 130%（含 130%）；,
113625,江山转债,116.761,603208,江山欧派,5.83,5.825,2021-12-20,,2027-06-11,19.84,130,25.792,11.31,,0/15 | 30,如果公司股票在任何连续三十个交易日中至少十五个交易日的收盘价格不低于当期转股价格的 130%(含 130%),
113616,韦尔转债,109.662,603501,豪威集团,24.4,24.324,2021-07-05,,2026-12-28,159.02,130,206.726,84.54,,0/15 | 30,如果公司A股股票连续三十个交易日中至少有十五个交易日的收盘价格不低于当期转股价格的 130%(含 130%),
111021,奥锐转债,139.614,605116,奥锐特,8.121,8.121,2025-02-05,,2030-07-26,24.6,130,31.98,20.53,,0/15 | 30,如果公司 A 股股票连续三十个交易日中至少有十五个交易日的收盘价不低于当期转股价格的 130%（含 130%）,
111020,合顺转债,134.653,605166,聚合顺,3.38,3.38,2025-01-27,,2030-07-22,10.53,130,13.689,8.38,,0/15 | 30,如果公司股票连续 30 个交易日中至少有 15 个交易日的收盘价格不低于当期转股价格的 130%（含 130%）,
111022,锡振转债,167.924,605319,无锡振华,5.2,5.197,2025-12-24,,2031-06-18,22.39,130,29.107,26.39,,0/15 | 30,如果公司股票连续三十个交易日中至少有十五个交易日的收盘价格不低于当期转股价格的 130%（含130%）,
111024,澳弘转债,148.417,605058,澳弘电子,5.8,5.799,2026-06-17,,2031-12-11,33.54,130,43.602,27.6,,0/15 | 30,在本次发行的可转债转股期内，如果公司 A 股股票连续三十个交易日中至少有十五个交易日的收盘价格不低于当期转股价格的130%（含130%）,
113043,财通转债,120.206,601108,财通证券,38.0,37.992,2021-06-16,,2026-12-10,7.98,130,10.374,8.83,,0/15 | 30,如果公司股票在任何连续三十个交易日中至少十五个交易日 的收盘价格不低于当期转股价格的130%(含 130%),
113042,上银转债,118.513,601229,上海银行,200.0,199.774,2021-07-29,,2027-01-25,8.35,130,10.855,9.55,,0/15 | 30,如果公司A股普通股股票连续三十个交易日中至少有十五个交易日的收盘价不低于当期转股价格的130%(含130%),
111018,华康转债,125.785,605077,华康股份,13.03,13.022,2024-07-01,,2029-12-25,15.97,130,20.761,11.02,,0/15 | 30,如果本公司股票任意连续 30 个交易日中至少有 15 个交易日的收盘价不低于当期转股价格的 130%（含 130%）,
111017,蓝天转债,133.383,605368,蓝天燃气,8.7,6.715,2024-02-21,,2029-08-15,6.72,130,8.736,6.74,,0/15 | 30,如果公司 A 股股票在连续三十个交易日中至少十五个交易日的收盘价格不低于当期转股价格的 130%（含 130%）；,
111003,聚合转债,143.72,605166,聚合顺,2.04,2.035,2022-09-13,,2028-03-07,8.85,130,11.505,8.38,,0/15 | 30,在本次发行的可转换公司债券转股期内，如果公司股票连续30个交易日中至少有15个交易日的收盘价格不低于当期转股价格的 130%（含 130%）,
111002,特纸转债,140.421,605007,五洲特纸,6.7,6.619,2022-06-14,,2027-12-08,13.49,130,17.537,14.84,,0/15 | 30,如果公司股票连续30个交易日中至少有15个交易日的收盘价格不低于当期转股价格的130%（含 130%）,
111004,明新转债,130.525,605068,明新旭腾,6.73,6.715,2022-10-10,,2028-03-30,24.37,130,31.681,17.42,,0/15 | 30,如果公司股票在连续三十个交易日内至少有十五个交易日的收盘价不低于当期转股价格的 130%（含 130%）,
111009,盛泰转债,124.394,605138,盛泰集团,7.012,7.011,2023-05-11,,2028-11-07,10.51,130,13.663,5.88,,0/15 | 30,如果公司股票在任何连续三十个交易日中至少十五个交易日的收盘价格不低于当期转股价格的 130%（含 130%）,
111015,东亚转债,131.607,605177,东亚药业,6.9,6.662,2024-01-12,,2029-07-06,20.28,130,26.364,20.07,,0/15 | 30,如果公司股票在任何连续三十个交易日中至少有十五个交易日的收盘价格不低于当期转股价格的 130%（含 130%）；,
111014,李子转债,123.884,605337,李子园,6.0,5.999,2023-12-28,,2029-06-20,18.21,130,23.673,9.24,,0/15 | 30,如果公司 A 股股票连续三十个交易日中至少有十五个交易日的收盘价格不低于当期转股价格的 130%（含 130%）,
113048,晶科转债,116.351,601778,晶科科技,30.0,15.453,2021-10-29,,2027-04-23,4.47,130,5.811,3.73,,0/15 | 30,如果公司A股股票连续三十个交易日中至少有十五个交易日的收盘价格不低于当期转股价格的130%(含130%),
113049,长汽转债,106.992,601633,长城汽车,35.0,34.95,2021-12-17,,2027-06-10,38.74,130,50.362,15.29,,0/15 | 30,如果公司 A 股股票在任何连续三十个交易日中至少十五个交易日的收盘价格不低于当期转股价格的 130%(含 130%),
113067,燃23转债,129.466,601139,深圳燃气,30.0,29.999,2024-02-02,,2029-07-27,7.24,130,9.412,6.35,,0/15 | 30,如果公司股票在任意连续三十个交易日中至少有十五个交易日的收盘价格高于当期转股价格的 130%；,
113062,常银转债,129.078,601128,常熟银行,60.0,59.994,2023-03-21,,2028-09-15,5.25,130,6.825,6.23,,0/15 | 30,如果本行 A 股股票连续三十个交易日中至少有十五个交易日的收盘价格不低于当期转股价格的 130%（含 130%）,
113070,渝水转债,127.059,601158,重庆水务,19.0,18.998,2025-07-15,,2031-01-09,4.72,130,6.136,4.13,,0/15 | 30,如果公司股票在任何连续三十个交易日中至少十五个交易日的收盘价格不低于当期转股价格的 130%（含 130%）；,
113605,大参转债,113.818,603233,大参林,14.05,14.044,2021-04-28,,2026-10-22,16.86,130,21.918,17.72,,0/15 | 30,如果公司A股股票连续三十个交易日中至少有十五个交易日的收盘价格不低于当期转股价格的130%(含 130%),
110099,福能转债,146.685,600483,福能股份,38.02,38.019,2026-04-17,,2031-10-13,9.49,130,12.337,10.8,,0/15 | 30,如果公司股票在任何连续三十个交易日中至少有十五个交易日的收盘价格不低于当期转股价格的 130%（含 130%）,
113610,灵康转债,120.341,603669,灵康药业,5.25,2.528,2021-06-07,,2026-12-01,6.5,130,8.45,5.56,,0/15 | 30,在转股期内，如果公司股票在任意连续三十个交易日中至少十五个交易日的收盘价格不低于当期转股价格的 130%(含 130%),
113059,福莱转债,119.068,601865,福莱特,40.0,39.999,2022-11-28,,2028-05-20,41.56,130,54.028,9.94,,0/15 | 30,如果公司A股股票连续30个交易日中至少有 15 个交易日的收盘价格不低于当期转股价格的130%（含 130%）,
113058,友发转债,134.156,601686,友发集团,20.0,18.638,2022-10-10,,2028-03-30,4.48,130,5.824,5.22,,0/15 | 30,如果本公司A股股票连续30个交易日中至少有15个交易日的收盘价格不低于当期转股价格的130%（含130%）,
113052,兴业转债,115.377,601166,兴业银行,500.0,413.5,2022-06-30,,2027-12-27,20.13,130,26.169,18.01,,0/15 | 30,在本次发行可转债的转股期内，如果公司A股股票连续三十个交易日中至少有十五个交易日的收盘价格不低于当期转股价格的130%（含 130%）,
113051,节能转债,124.39,601016,节能风电,30.0,26.519,2021-12-27,,2027-06-21,3.33,130,4.329,3.41,,0/15 | 30,如果公司股票在任何连续三十个交易日中至少十五个交易日的收盘价格不低于当期转股价格的130%(含 130%),
113053,隆22转债,121.074,601012,隆基绿能,70.0,69.951,2022-07-11,,2028-01-05,17.5,130,22.75,12.15,,0/15 | 30,如果公司A股股票连续三十个交易日中至少有十五个交易日的收盘价不低于当期转股价格的130%（含130%）,
113054,绿动转债,122.925,601330,绿色动力,23.6,23.598,2022-09-05,,2028-02-25,8.67,130,11.271,7.07,,0/15 | 30,如果公司A股股票连续三十个交易日中至少有十五个交易日的收盘价不低于当期转股价格的130%（含130%）,
110100,龙建转债,122.834,600853,龙建股份,10.0,10.0,2026-07-28,,2032-01-22,4.59,130,5.967,3.34,,0/15 | 30,如果公司 A 股股票连续三十个交易日中至少有十五个交易日的收盘价格不低于当期转股价格的 130%（含130%）,
113056,重银转债,128.016,601963,重庆银行,130.0,115.622,2022-09-30,,2028-03-23,9.22,130,11.986,11.0,,0/15 | 30,如果公司 A 股股票连续三十个交易日中至少有十五个交易日的收盘价格不低于当期转股价格的 130%（含 130%），,
113681,镇洋转债,139.877,603213,镇洋发展,6.6,5.476,2024-07-05,,2029-12-29,10.95,130,14.235,13.96,,0/15 | 30,如果公司股票连续三十个交易日中至少有十五个交易日的收盘价格不低于当期转股价格的 130%（含 130%）；,
113660,寿22转债,125.879,603896,寿仙谷,3.98,3.977,2023-05-23,,2028-11-17,36.84,130,47.892,14.71,,0/15 | 30,如果公司A股股票连续三十个交易日中至少有十五个交易日的收盘价不低于当期转股价格的130%（含130%）,
118020,芳源转债,119.594,688148,芳源股份,6.42,6.417,2023-03-29,,2028-09-23,9.0,130,11.7,6.31,,0/15 | 30,如果公司股票在连续三十个交易日中至少十五个交易日的收盘价格不低于当期转股价格的 130%（含 130%）,
118039,煜邦转债,134.88,688597,煜邦电力,4.108,4.104,2024-01-26,,2029-07-20,7.3,130,9.49,6.6,,0/15 | 30,如果公司股票连续三十个交易日中至少有十五个交易日的收盘价不低于当期转股价格的 130%（含 130%）,
118037,上声转债,130.836,688533,上声电子,5.2,4.679,2024-01-12,,2029-07-06,28.64,130,37.232,20.94,,0/15 | 30,如果公司股票在任何连续三十个交易日中至少有十五个交易日的收盘价格不低于当期转股价格的 130%（含130%）；,
118022,锂科转债,121.876,688779,五矿新能,32.5,32.497,2023-04-17,,2028-10-11,15.49,130,20.137,8.16,,0/15 | 30,如果公司 A股股票在连续三十个交易日中至少十五个交易日的收盘价格不低于当期转股价格的130%（含）,
118024,冠宇转债,125.641,688772,珠海冠宇,30.89,30.889,2023-04-28,,2028-10-24,22.51,120,27.012,15.03,,0/15 | 30,"如果公司股票在连续三十个交易日中至少十五个交易日的收盘价格不低于当期转股价格的 120%（含 120%）或本次发行的可转换公司债券未转股余额不足 5,000 万元时",
113700,海天转债,131.613,603759,海天股份,8.01,8.01,2026-08-11,,2032-02-05,12.41,130,16.133,7.7,,0/15 | 30,公司股票在任何连续三十个交易日中至少十五个交易日的收盘价格不低于当期转股价格的 130%（含 130%）,
118027,宏图转债,80.177,688066,*ST航图,10.088,9.475,2023-06-02,,2028-11-28,13.12,130,17.056,8.09,,0/15 | 30,如果公司股票在连续 30 个交易日中至少 15 个交易日的收盘价格不低于当期转股价格的 130%（含 130%）；,
113682,益丰转债,128.7,603939,益丰药房,17.97,17.968,2024-09-09,,2030-03-04,31.44,130,40.872,22.99,,0/15 | 30,如果公司A股股票在连续三十个交易日中至少十五个交易日的收盘价格不低于当期转股价格的 130%（含 130%）；,
118036,力合转债,145.171,688589,力合微,3.8,3.8,2024-01-04,,2029-06-28,18.5,130,24.05,19.51,,0/15 | 30,如果公司 A 股股票在连续三十个交易日中至少十五个交易日的收盘价格不低于当期转股价格的 130%（含 130%）；,
118007,山石转债,141.842,688030,山石网科,2.674,2.671,2022-09-28,,2028-03-22,16.5,130,21.45,16.95,,0/15 | 30,如果公司股票在连续三十个交易日中至少十五个交易日的收盘价格不低于当期转股价格的 130%（含 130%）,
118010,洁特转债,125.185,688026,洁特生物,4.4,4.399,2023-01-04,,2028-06-28,47.88,130,62.244,15.65,,0/15 | 30,如果公司股票连续三十个交易日中至少有十五个交易日的收盘价不低于当期转股价格的 130%（含 130%）,
118012,微芯转债,158.795,688321,微芯生物,5.0,4.995,2023-01-11,,2028-07-05,25.34,130,32.942,26.19,,0/15 | 30,如果公司股票在连续三十个交易日中至少十五个交易日的收盘价格不低于当期转股价格的 130%（含 130%）,
118005,天奈转债,123.474,688116,天奈科技,8.3,8.299,2022-08-09,,2028-01-27,99.01,130,128.713,33.58,,0/15 | 30,如果公司股票连续三十个交易日中至少有十五个交易日的收盘价不低于当期转股价格的 130%（含 130%）,
118031,天23转债,123.155,688599,天合光能,88.648,58.512,2023-08-17,,2029-02-13,16.0,130,20.8,12.54,,0/15 | 30,如果公司 A 股股票连续三十个交易日中至少有十五个交易日的收盘价不低于当期转股价格的 130%（含 130%）,
118034,晶能转债,119.557,688223,晶科能源,100.0,83.22,2023-10-26,,2029-04-20,6.35,120,7.62,4.16,,0/15 | 30,在本次发行的可转换公司债券转股期内，如果公司A股股票连续三十个交易日中至少有十五个交易日的收盘价不低于当期转股价格的120%（含）,
118032,建龙转债,125.784,688357,建龙微纳,7.0,6.999,2023-09-14,,2029-03-08,71.41,130,92.833,26.33,,0/15 | 30,如果公司 A 股股票在连续三十个交易日中至少十五个交易日的收盘价格不低于当期转股价格的130%（含）,
113699,金25转债,203.218,603979,金诚信,20.0,19.998,2026-04-10,,2031-09-26,62.8,130,81.64,80.35,,0/15 | 30,如果公司A 股股票连续三十个交易日中至少有十五个交易日的收盘价格不低于当期转股价格的130%（含130%）。,
113698,凯众转债,138.949,603037,凯众股份,3.08,3.079,2026-02-24,,2031-08-15,12.55,130,16.315,10.23,,0/15 | 30,如果公司股票在连续三十个交易日中至少十五个交易日的收盘价格不低于当期转股价格的 130%（含 130%）；,
113692,保隆转债,132.367,603197,保隆科技,13.9,13.897,2025-05-06,,2030-10-31,39.16,130,50.908,30.43,,0/15 | 30,如果公司 A 股股票在任何连续三十个交易日中至少有十五个交易日的收盘价格不低于当期转股价格的 130%（含 130%）；,
110076,华海转债,114.155,600521,华海药业,18.426,18.424,2021-05-06,,2026-11-02,16.5,130,21.45,16.64,,0/15 | 30,公司股票在任何连续三十个交易日中至少十五个交易日收盘价格不低于当期转股价格的130%(含130%),
113693,志邦转债,124.14,603801,志邦家居,6.7,6.7,2025-09-24,,2031-03-18,11.13,130,14.469,6.4,,0/15 | 30,如果公司股票连续三十个交易日中至少有十五个交易日的收盘价格不低于当期转股价格的 130%（含 130%）,
110087,天业转债,125.699,600075,新疆天业,30.0,29.975,2022-12-29,,2028-06-23,5.6,130,7.28,4.69,,0/15 | 30,如果公司股票在任何连续三十个交易日中至少十五个交易日的收盘价格不低于当期转股价格的 130%（含 130%）,
113688,国检转债,137.354,603060,国检集团,8.0,7.997,2025-04-23,,2030-10-17,6.45,130,8.385,5.5,,0/15 | 30,如果公司股票在任意连续三十个交易日中至少有十五个交易日的收盘价格不低于当期转股价格的 130%（含 130%）；,
113686,泰瑞转债,153.96,603289,泰瑞机器,3.378,3.363,2025-01-08,,2030-07-02,8.0,130,10.4,8.86,,0/15 | 30,如果公司股票连续三十个交易日中至少有十五个交易日的收盘价格不低于当期转股价格的 130%（含 130%）,
110090,爱迪转债,134.443,600933,爱柯迪,15.7,15.695,2023-03-29,,2028-09-23,17.15,130,22.295,13.88,,0/15 | 30,如果公司A股股票连续三十个交易日中至少有十五个交易日的收盘价格不低于当期转股价格的 130%（含 130%）,
113694,清源转债,128.621,603628,清源股份,5.0,4.999,2025-10-14,,2031-04-08,12.85,130,16.705,9.61,,0/15 | 30,如果公司股票连续三十个交易日中至少有十五个交易日的收盘价格不低于当期转股价格的 130%（含 130%）,
110081,闻泰转债,106.922,600745,*ST闻泰,86.0,72.059,2022-02-07,,2027-07-28,18.36,130,23.868,19.11,,0/15 | 30,如果公司股票连续三十个交易日中至少有十五个交易日的收盘价格不低于当期转股价格的 130%(含 130%),
118042,奥维转债,127.931,688516,奥特维,11.4,11.399,2024-02-19,,2029-08-10,83.69,130,108.797,45.55,,0/15 | 30,如果公司 A 股股票连续三十个交易日中至少有十五个交易日的收盘价不低于当期转股价格的 130%（含 130%），,
113696,伯25转债,133.57,603596,伯特利,28.02,28.017,2026-01-07,,2031-07-01,35.16,130,45.708,25.9,,0/15 | 30,如果公司股票在任意连续三十个交易日中至少有十五个交易日的收盘价格不低于当期转股价格的130%（含130%）；,
110086,精工转债,124.9,600496,精工钢构,20.0,19.999,2022-10-28,,2028-04-22,4.57,130,5.941,3.35,,0/15 | 30,如果公司股票在任何连续三十个交易日中至少有十五个交易日的收盘价格不低于当期转股价格的 130%（含 130%）,
110085,通22转债,114.986,600438,通威股份,120.0,119.831,2022-09-02,,2028-02-24,34.6,130,44.98,11.9,,0/15 | 30,如果公司A股股票连续三十个交易日中至少有十五个交易日的收盘价不低于当期转股价格的130%（含 130%）,
113695,华辰转债,149.182,603097,江苏华辰,4.6,4.597,2025-12-26,,2031-06-20,16.68,130,21.684,19.21,,0/15 | 30,如果公司股票在任何连续三十个交易日中至少有十五个交易日的收盘价格不低于当期转股价格的130%（含130%）,
110084,贵燃转债,132.29,600903,贵州燃气,10.0,8.157,2022-07-01,,2027-12-27,6.42,130,8.346,6.21,,0/15 | 30,如果公司股票连续三十个交易日中至少有十五个交易日的收盘价格不低于当期转股价格的 130%（含 130%）,
118015,芯海转债,128.666,688595,芯海科技,4.1,4.1,2023-01-30,,2028-07-21,55.22,130,71.786,28.67,,0/15 | 30,如果公司股票在任何连续三十个交易日中至少有十五个交易日的收盘价格不低于当期转股价格的 130%（含 130%）,
118066,统联转债,132.011,688210,统联精密,5.76,5.76,2026-09-06,,2032-03-02,56.2,130,73.06,31.15,,0/15 | 30,如果公司股票在任何连续三十个交易日中至少十五个交易日的收盘价格不低于当期转股价格的130%（含130%）,
113701,祥和转债,148.189,603500,祥和实业,4.0,4.0,2026-09-09,,2032-03-02,13.37,130,17.381,9.68,,0/15 | 30,如果公司股票在连续三十个交易日中至少十五个交易日的收盘价格不低于当期转股价格的 130%（含 130%）,
127113,长高转债,164.76,002452,长高电气,7.59,7.586,2026-09-14,,2032-03-08,10.92,130,14.196,11.34,,0/15 | 30,如果公司股票在任何连续三十个交易日中至少十五个交易日的收盘价格不低于当期转股价格的 130%（含 130%）,
123266,博士转债,140.81,300622,博士眼镜,3.75,3.75,2026-09-24,,2032-03-17,21.54,130,28.002,14.82,,0/15 | 30,如果公司股票在任何连续三十个交易日中至少十五个交易日的收盘价格不低于当期转股价格的 130%（含 130%）；,
118067,上26转债,134.629,688533,上声电子,3.25,3.25,2026-09-24,,2032-03-17,32.25,130,41.925,20.94,,0/15 | 30,在本次发行的可转换公司债券转股期内，如果公司股票在任何连续三十个交易日中至少有十五个交易日的收盘价格不低于当期转股价格的130%（含130%）,
123267,珂玛转债,317.7,301611,珂玛科技,7.5,7.5,2026-10-22,,2032-04-15,97.47,130,126.711,103.04,,0/15 | 30,如果公司股票在任意连续三十个交易日中至少十五个交易日的收盘价格不低于当期转股价格的 130%（含 130%）；,
113702,斯达转债,176.497,603290,斯达半导,15.0,15.0,2026-10-22,,2032-04-15,104.79,130,136.227,93.25,,0/15 | 30,公司股票连续三十个交易日中至少有十五个交易日的收盘价格不低于当期转股价格的 130%（含 130%）,
123268,本川转债,192.8,300964,本川智能,4.69,4.69,2026-10-23,,2032-04-16,54.13,130,70.369,59.45,,0/15 | 30,如果公司A 股股票在任何连续三十个交易日中至少十五个交易日的收盘价格不低于当期转股价格的130%（含130%）,
123269,金杨转债,149.19,301210,金杨精密,9.8,9.8,2026-10-26,,2032-04-19,28.24,130,36.712,24.22,,0/15 | 30,如果公司股票在连续三十个交易日中至少十五个交易日的收盘价格不低于当期转股价格的 130%（含 130%）；,
123270,盛德转债,234.0,300881,盛德鑫泰,4.05,4.05,2026-12-07,,2032-05-31,53.68,130,69.784,31.49,,0/15 | 30,如果公司股票在任何连续三十个交易日中至少十五个交易日的收盘价格不低于当期转股价格的 130%（含 130%）,
123271,通合转债,171.501,300491,通合科技,5.22,5.219,2026-12-08,,2032-06-01,33.18,130,43.134,32.23,,0/15 | 30,如果公司A 股股票在任何连续三十个交易日中至少十五个交易日的收盘价格不低于当期转股价格的130%（含130%）；,
118068,迪威转债,134.008,688377,迪威尔,9.08,9.08,2026-12-10,,2032-06-03,32.49,130,42.237,19.15,,0/15 | 30,在转股期内，如果公司股票在任意连续三十个交易日中至少有十五个交易日的收盘价格不低于当期转股价格的 130%（含 130%）；,
113703,翔26转债,138.288,603112,华翔股份,13.01,13.01,2026-12-14,,2032-06-07,21.94,130,28.522,15.89,,0/15 | 30,公司股票连续三十个交易日中至少有十五个交易日的收盘价格不低于当期转股价格的 130%（含 130%）,
113704,春风转债,180.886,603129,春风动力,21.79,21.79,2026-12-16,,2032-06-09,241.7,130,314.21,304.13,,0/15 | 30,如果公司股票连续三十个交易日中至少有十五个交易日的收盘价格不低于当期转股价格的 130%（含130%）,
118069,爱科转债,162.961,688092,爱科科技,2.67,2.67,2026-12-17,,2032-06-10,28.53,130,37.089,23.13,,0/15 | 30,在本次发行的可转换公司债券转股期内，如果公司A 股股票连续三十个交易日中至少有十五个交易日的收盘价格不低于当期转股价格的130%（含130%）,
123272,中汽转债,156.71,301215,中汽股份,10.39,10.39,2026-12-17,,2032-06-10,5.99,130,7.787,5.4,,0/15 | 30,如果公司股票在任意连续三十个交易日中至少有十五个交易日的收盘价格不低于当期转股价格的 130%（含 130%）,
113705,豪26转债,144.582,603809,豪能股份,18.0,18.0,2026-12-22,,2032-06-14,10.74,130,13.962,8.98,,0/15 | 30,在转股期内，如果公司股票在任何连续三十个交易日中至少十五个交易日的收盘价格不低于当期转股价格的 130%（含 130%）,
113706,金帝转债,156.936,603270,金帝股份,9.7,9.7,2026-12-22,,2032-06-14,30.62,130,39.806,28.05,,0/15 | 30,公司股票连续三十个交易日中至少有十五个交易日的收盘价格不低于当期转股价格的 130%（含 130%）,
123273,三江转债,357.98,301059,金三江,2.9,2.9,2026-12-24,,2032-06-16,14.43,130,18.759,11.84,,0/15 | 30,如果公司股票在任意连续三十个交易日中至少十五个交易日的收盘价格不低于当期转股价格的 130%（含 130%）,
118070,南芯转债,162.07,688484,南芯科技,15.869,15.869,2026-12-25,,2032-06-17,43.71,130,56.823,37.62,,0/15 | 30,如果公司股票在任何连续三十个交易日中至少十五个交易日的收盘价格不低于当期转股价格的 130%（含 130%）；,
118071,华峰转债,234.795,688200,华峰测控,7.49,7.49,2026-12-29,,2032-06-22,335.79,130,436.527,400.0,,0/15 | 30,如果公司股票连续三十个交易日中至少有十五个交易日的收盘价格不低于当期转股价格的 130%（含 130%）,
110101,宝钛转债,157.008,600456,宝钛股份,35.0,35.0,2026-12-30,,2032-06-23,30.98,130,40.274,27.38,,0/15 | 30,如果公司股票在任意连续三十个交易日中至少有十五个交易日的收盘价格不低于当期转股价格的130%（含130%）,
118072,鼎通转债,197.459,688668,鼎通科技,9.3,9.3,2026-12-30,,2032-06-23,246.0,130,319.8,269.0,,0/15 | 30,在本次发行的可转换公司债券转股期内，如果公司A 股股票连续三十个交易日中至少有十五个交易日的收盘价格不低于当期转股价格的130%（含130%）,
111025,圣泉转债,169.267,605589,圣泉集团,25.0,25.0,2027-01-01,,2032-06-24,42.38,130,55.094,40.12,,0/15 | 30,如果公司股票在任何连续三十个交易日中至少十五个交易日的收盘价格不低于当期转股价格的 130%（含 130%）,
123274,维科转债,144.7,301499,维科精密,6.3,6.3,2027-01-04,,2032-06-25,35.62,130,46.306,25.08,,0/15 | 30,在本次发行的可转换公司债券转股期内，如果公司股票连续30 个交易日中至少有 15 个交易日的收盘价格不低于当期转股价格的130%（含130%）,
127114,宜化转债,140.994,000422,湖北宜化,33.0,33.0,2027-01-04,,2032-06-25,14.08,130,18.304,12.57,,0/15 | 30,如果公司 A 股股票在任意连续三十个交易日中至少十五个交易日的收盘价格不低于当期转股价格的130%（含130%）,
113707,科博转债,173.592,603786,科博达,14.91,14.91,2027-01-11,,2032-07-02,45.56,130,59.228,39.89,,0/15 | 30,如果公司股票在任意连续三十个交易日中至少有十五个交易日的收盘价格不低于当期转股价格的130%（含130%）,
123275,肇民转债,143.83,301000,肇民科技,5.9,5.9,2027-01-15,,2032-07-08,33.8,130,43.94,24.4,,0/15 | 30,如果公司股票在任意连续三十个交易日中至少十五个交易日的收盘价格不低于当期转股价格的 130%（含 130%）；,
110102,江农转债,161.6,600389,江山股份,11.85,11.85,2027-01-20,,2032-07-13,20.64,130,26.832,18.81,,0/15 | 30,在本次发行的可转换公司债券转股期内，如果公司A 股股票连续30个交易日中至少有 15 个交易日的收盘价格不低于当期转股价格的130%（含130%）,
113708,曙26转债,153.001,603019,中科曙光,80.0,80.0,2027-01-21,,2032-07-14,108.89,130,141.557,86.54,,0/15 | 30,公司股票连续三十个交易日中至少有十五个交易日的收盘价格不低于当期转股价格的 130%（含 130%）,
118073,赛斯转债,174.92,688480,赛恩斯,5.519,5.519,2027-01-25,,2032-07-16,88.16,130,114.608,75.2,,0/15 | 30,如果公司股票连续三十个交易日中至少十五个交易日的收盘价格不低于当期转股价格的 130%（含 130%）；,
123276,久吾转02,167.939,300631,久吾高科,3.0,3.0,2027-01-25,,2032-07-19,23.78,130,30.914,21.8,,0/15 | 30,在本次发行的可转换公司债券转股期内，如果公司股票任意连续30 个交易日中至少有 15 个交易日的收盘价格不低于当期转股价格的130%（含130%）,
110103,申能转债,149.0,600642,申能股份,20.0,20.0,2027-02-01,,2032-07-23,8.74,130,11.362,8.42,,0/15 | 30,在本次发行的可转债转股期内，如果公司股票在任何连续三十个交易日中至少十五个交易日的收盘价格不低于当期转股价格的 130%（含130%）,
127115,炬申转债,177.378,001202,炬申股份,3.8,3.8,2027-02-01,,2032-07-23,13.76,130,17.888,13.83,,0/15 | 30,在本次发行的可转换公司债券转股期内，公司A 股股票在任意连续三十个交易日中至少有十五个交易日的收盘价格不低于当期转股价格的130%（含130%）,
118074,特宝转债,183.007,688278,特宝生物,15.33,15.33,2027-02-03,,2032-07-27,58.56,130,76.128,59.05,,0/15 | 30,如果公司A 股股票在连续三十个交易日中至少十五个交易日的收盘价格不低于当期转股价格的130%（含130%）,
123277,玉禾转债,147.8,300815,玉禾田,15.0,15.0,2027-02-04,,2032-07-28,16.35,130,21.255,16.02,,0/15 | 30,如果公司股票连续30 个交易日中至少有 15 个交易日的收盘价格不低于当期转股价格的130%（含130%）,
118075,奥普转债,199.259,688686,奥普特,12.7,12.7,2027-02-04,,2032-07-28,150.03,130,195.039,137.05,,0/15 | 30,如果公司股票在任何连续三十个交易日中至少有十五个交易日的收盘价格不低于当期转股价格的 130%（含130%）,
113709,振26转债,176.366,603067,振华股份,8.78,8.78,2027-02-05,,2032-07-29,40.33,130,52.429,35.67,,0/15 | 30,如果公司股票连续三十个交易日中至少有十五个交易日的收盘价格不低于当期转股价格的130%（含130%）,
123278,合金转债,184.496,300697,电工合金,5.45,5.45,2027-02-05,,2032-07-29,13.98,130,18.174,15.67,,0/15 | 30,如果公司股票连续30 个交易日中至少有 15 个交易日的收盘价格不低于当期转股价格的 130%（含130%）；,
123279,天脉转债,182.0,301626,苏州天脉,7.86,7.86,2027-02-08,,2032-08-02,267.33,130,347.529,266.67,,0/15 | 30,如果公司股票连续30 个交易日中至少有 15 个交易日的收盘价格不低于当期转股价格的130%（含130%）,
123280,三鑫转债,162.05,300453,三鑫医疗,5.3,5.3,2027-02-10,,2032-08-03,9.72,130,12.636,9.71,,0/15 | 30,在转股期内，如果公司股票在连续三十个交易日中至少十五个交易日的收盘价格不低于当期转股价格的 130%（含本数）；,
111026,派克转债,160.353,605123,派克新材,15.8,15.8,2027-02-12,,2032-08-05,81.8,130,106.34,76.68,,0/15 | 30,如果公司股票在任何连续三十个交易日中至少十五个交易日的收盘价格不低于当期转股价格的130%（含130%）,
118076,先锋转债,177.265,688605,先锋精科,7.5,7.5,2027-02-12,,2032-08-05,86.4,130,112.32,72.65,,0/15 | 30,公司股票连续三十个交易日中至少有十五个交易日的收盘价不低于当期转股价格的 130%（含 130%）,
123281,中仑转债,156.44,301565,中仑新材,10.68,10.68,2027-02-12,,2032-08-05,20.28,130,26.364,20.41,,0/15 | 30,如果公司股票在任意连续三十个交易日中至少十五个交易日的收盘价格不低于当期转股价格的 130%（含 130%）,
123282,震裕转02,100.0,300953,震裕科技,18.8,18.8,2027-02-22,,2032-08-16,104.85,130,136.305,94.5,,0/15 | 30,如果公司股票在任意连续三十个交易日中至少十五个交易日的收盘价格不低于当期转股价格的 130%（含 130%）；,
123283,丰茂转债,100.0,301459,丰茂股份,6.075,6.075,2027-02-24,,2032-08-17,35.59,130,46.267,31.7,,0/15 | 30,在转股期内，如果公司股票在任何连续三十个交易日中至少十五个交易日的收盘价格不低于当期转股价格的 130%（含 130%）,
123284,强达转债,100.0,301628,强达电路,5.5,5.5,2027-02-25,,2032-08-18,84.04,130,109.252,92.57,,0/15 | 30,如果公司股票连续三十个交易日中至少有十五个交易日的收盘价格不低于当期转股价格的 130%（含 130%）,
132024,26江铜EB,137.458,600362,江西铜业,50.0,50.0,2027-04-09,,2031-04-09,52.4,120,62.88,49.2,,0/15 | 30,在本期可交换债换股期内，如果江铜股份 A 股股票连续三十个交易日中至少有十五个交易日的收盘价格不低于当期换股价格的 120%（含 120%），公司有权按照本期可交换债面值加当期应计利息的价格赎回全部未换股的本期可交换债。本期可交换债的赎回期与换股期相同，即发行结束之日满十二个月后的第一个交易日起至可交换债到期日前一交易日止。,
113673,岱美转债,194.233,603730,岱美股份,9.079,9.078,2024-01-24,,2029-07-18,7.12,130,9.256,10.87,,0/15 | 30,如果公司股票连续三十个交易日中至少有十五个交易日的收盘价不低于当期转股价格的 130%（含 130%）,公告不强赎
127080,声迅转债,273.54,003004,声迅股份,2.8,2.793,2023-07-07,,2028-12-30,28.94,130,37.622,70.5,,0/15 | 30,如果公司股票在任何连续三十个交易日中至少十五个交易日的收盘价格不低于当期转股价格的 130%（含 130%）,公告不强赎
118016,京源转债,160.161,688096,京源环保,3.325,1.675,2023-02-13,,2028-08-05,6.91,130,8.983,8.71,,0/15 | 30,如果公司 A 股股票连续三十个交易日中至少有十五个交易日的收盘价不低于当期转股价格的130%（含130%），,公告不强赎
123160,泰福转债,161.399,300992,泰福泵业,3.349,2.315,2023-04-11,,2028-09-28,19.7,130,25.61,24.76,,0/15 | 30,如果公司股票在连续 30 个交易日中至少 15 个交易日的收盘价格不低于当期转股价格的 130%（含 130%）,公告不强赎
118058,微导转债,477.098,688147,微导纳米,11.7,11.699,2026-02-12,,2031-08-06,33.29,130,43.277,121.9,,0/15 | 30,如果公司股票在任何连续三十个交易日中至少十五个交易日的收盘价格不低于当期转股价格的 130%（含 130%）,公告不强赎
123207,冠中转债,223.1,300948,冠中生态,4.0,1.455,2024-01-29,,2029-07-21,10.44,130,13.572,20.84,,0/15 | 30,如果公司股票连续三十个交易日中至少有十五个交易日的收盘价格不低于当期转股价格的 130%（含 130%）,公告不强赎
127070,大中转债,332.0,001203,大中矿业,15.2,9.342,2023-02-23,,2028-08-17,10.56,130,13.728,27.58,,0/15 | 30,如果公司A股股票在任意连续三十个交易日中至少十五个交易日的收盘价格不低于当期转股价格的 130%（含 130%）,公告不强赎
118050,航宇转债,258.581,688239,航宇科技,6.67,6.597,2025-02-27,,2030-08-21,24.81,130,32.253,49.29,,0/15 | 30,如果公司 A 股股票连续三十个交易日中至少有十五个交易日的收盘价不低于当期转股价格的 130%（含 130%）,公告不强赎
123245,集智转债,311.368,300553,集智股份,2.546,1.537,2025-02-20,,2030-08-14,18.06,130,23.478,44.62,,0/15 | 30,如果公司 A 股股票在任意连续 30 个交易日中至少 15 个交易日的收盘价格不低于当期转股价格的 130%（含 130%）,公告不强赎
118061,茂莱转债,197.422,688502,茂莱光学,5.625,5.622,2026-05-27,,2031-11-21,364.15,130,473.395,453.84,,0/15 | 30,如果公司股票连续三十个交易日中至少有十五个交易日的收盘价格不低于当期转股价格的 130%（含 130%）,公告不强赎
123213,天源转债,317.178,301127,武汉天源,10.0,3.26,2024-02-05,,2029-07-28,7.1,130,9.23,19.48,,0/15 | 30,如果公司 A 股股票在任意连续三十个交易日中至少十五个交易日的收盘价格不低于当期转股价格的 130%（含 130%）；,公告不强赎
127096,泰坦转债,535.77,003036,泰坦股份,2.955,2.875,2024-05-06,,2029-10-25,13.2,130,17.16,53.96,,0/15 | 30,如果公司 A 股股票连续 30 个交易日中至少有 15 个交易日的收盘价格不低于当期转股价格的 130%（含 130%）；,公告不强赎
123247,万凯转债,195.76,301216,万凯新材,27.0,19.642,2025-02-24,,2030-08-16,11.15,130,14.495,17.8,,0/15 | 30,在本次可转债转股期内，如果公司股票连续三十个交易日中至少有十五个交易日的收盘价格不低于当期转股价格的 130%（含 130%），,公告不强赎
111012,福新转债,364.901,605488,福莱新材,4.29,1.016,2023-07-10,,2029-01-04,11.11,130,14.443,29.5,,0/15 | 30,如果公司股票连续三十个交易日中至少有十五个交易日的收盘价不低于当期转股价格的 130%（含 130%）,公告不强赎
118062,天准转债,230.647,688003,天准科技,8.72,8.719,2026-06-18,,2031-12-12,55.13,120,66.156,85.06,,0/15 | 30,在转股期内，公司股票连续三十个交易日中至少有十五个交易日的收盘价不低于当期转股价格的 120%（含 120%）；,公告不强赎
118051,皓元转债,314.508,688131,皓元医药,8.223,8.218,2025-06-04,,2030-11-28,40.22,130,52.286,96.27,,0/15 | 30,如果公司股票连续三十个交易日中至少有十五个交易日的收盘价格不低于当期转股价格的 130%（含 130%）,公告不强赎
113677,华懋转债,324.859,603306,华懋科技,10.5,10.489,2024-03-20,,2029-09-14,33.66,130,43.758,77.47,,0/15 | 30,如果公司股票连续 30 个交易日中至少有 15 个交易日的收盘价格高于当期转股价格的 130%（含 130%）；,公告不强赎
111000,起帆转债,139.388,605222,起帆电缆,10.0,9.991,2021-11-29,,2027-05-24,17.29,130,22.477,20.42,,0/15 | 30,如果公司A股股票连续30个交易日中至少有15个交易日的收盘价格不低于当期转股价格的130%(含130%),公告不强赎
118044,赛特转债,150.685,688398,赛特新材,4.42,4.42,2024-03-15,,2029-09-11,18.85,130,24.505,20.35,,0/15 | 30,如果公司股票在连续三十个交易日中至少十五个交易日的收盘价格不低于当期转股价格的 130%（含 130%）,公告不强赎
127088,赫达转债,180.998,002810,山东赫达,6.0,5.996,2024-01-08,,2029-07-03,16.61,130,21.593,21.5,,0/15 | 30,如果公司股票在任何连续三十个交易日中至少十五个交易日的收盘价格不低于当期转股价格的 130%（含 130%）,公告不强赎
123255,鼎龙转债,409.02,300054,鼎龙股份,9.1,9.095,2025-10-09,,2031-04-02,28.38,130,36.894,75.0,,0/15 | 30,如果公司股票在任何连续三十个交易日中至少十五个交易日的收盘价格不低于当期转股价格的 130%（含 130%）；,公告不强赎
132026,G三峡EB2,135.913,600900,长江电力,100.0,94.986,2023-06-02,,2027-06-01,21.2,130,27.56,28.1,,0/15 | 30,在本期可交换债换股期内，如果长江电力 A 股股票连续三十个交易日中至少有十五个交易日的收盘价格不低于当期换股价格的 130%（含 130%），公司有权按照本期可交换债面值加当期应计利息的价格赎回全部未换股的本期可交换债。,公告不强赎
118064,联瑞转债,426.516,688300,联瑞新材,6.95,6.949,2026-07-14,,2032-01-08,63.05,130,81.965,186.24,,0/15 | 30,如果公司A 股股票连续三十个交易日中至少有十五个交易日的收盘价格不低于当期转股价格的130%（含130%）,公告不强赎
118056,路维转债,291.827,688401,路维光电,6.15,6.145,2025-12-17,,2031-06-11,35.29,130,45.877,69.12,,0/15 | 30,如果公司股票连续三十个交易日中至少有十五个交易日的收盘价不低于当期转股价格的 130%,公告不强赎
127053,豪美转债,192.5,002988,豪美新材,8.24,2.575,2022-07-28,,2028-01-24,17.23,130,22.399,24.44,,0/15 | 30,如果公司股票在任何连续三十个交易日中至少十五个交易日的收盘价格不低于当期转股价格的 130%（含 130%）,公告不强赎
118060,瑞可转债,199.342,688800,瑞可达,10.0,9.999,2026-05-20,,2031-11-14,52.53,130,68.289,68.45,,0/15 | 30,如果公司股票在连续三十个交易日中至少十五个交易日的收盘价格不低于当期转股价格的 130%（含 130%）,公告不强赎
123131,奥飞转债,284.588,300738,奥飞数据,6.35,3.159,2022-06-09,,2027-12-03,10.05,130,13.065,20.86,,0/15 | 30,如果公司股票在任意连续三十个交易日中至少有十五个交易日的收盘价格不低于当期转股价格的130%（含130%）,公告不强赎
118059,颀中转债,206.888,688352,颀中科技,8.5,8.498,2026-05-07,,2031-11-03,13.7,130,17.81,18.46,,0/15 | 30,如果公司股票在任何连续三十个交易日中至少十五个交易日的收盘价格不低于当期转股价格的 130%（含 130%）,公告不强赎
127092,运机转债,295.869,001288,运机集团,7.3,5.249,2024-03-27,,2029-09-21,11.91,130,15.483,25.87,,0/15 | 30,如果公司股票在任何连续三十个交易日中至少十五个交易日的收盘价格不低于当期转股价格的 130%（含 130%）；,公告不强赎
123176,精测转2,478.0,300567,精测电子,12.76,12.753,2023-09-08,,2029-03-02,64.51,130,83.863,221.8,,0/15 | 30,如果公司股票在任意连续三十个交易日中至少十五个交易日的收盘价格不低于当期转股价格的130.00%（含）,公告不强赎
123158,宙邦转债,237.02,300037,新宙邦,19.7,18.046,2023-03-30,,2028-09-26,40.49,130,52.637,65.39,,0/15 | 30,如果公司股票在任意连续三十个交易日中至少十五个交易日的收盘价格不低于当期转股价格的 130%（含 130%）,公告不强赎
123187,超达转债,198.3,301186,超达装备,4.69,2.242,2023-10-11,,2029-04-04,21.77,130,28.301,34.6,,0/15 | 30,如果公司股票在任意连续三十个交易日中至少有十五个交易日的收盘价格不低于当期转股价格的130%（含）,公告不强赎
113691,和邦转债,151.371,603077,和邦生物,46.0,45.991,2025-05-06,,2030-10-28,2.0,130,2.6,2.4,,0/15 | 30,如果公司股票在任意连续三十个交易日中至少有十五个交易日的收盘价格不低于当期转股价格的 130%（含）；,公告不强赎
127055,精装转债,186.0,002989,中天精装,5.77,2.081,2022-08-29,,2028-02-22,18.5,130,24.05,23.7,,0/15 | 30,"如果公司股票在任何连续三十个交易日中至少有十五个交易日的收盘价格不低于当期转股价格的 130%（含
130%）",公告不强赎
118030,睿创转债,574.423,688002,睿创微纳,15.647,12.622,2023-07-06,,2028-12-30,38.66,130,50.258,161.7,,0/15 | 30,如果公司 A 股股票在连续三十个交易日中至少十五个交易日的收盘价格不低于当期转股价格的 130%（含 130%）,公告不强赎
127037,银轮转债,554.286,002126,银轮股份,7.0,5.055,2021-12-13,,2027-06-07,10.27,130,13.351,42.3,,0/15 | 30,如果公司股票在任何连续三十个交易日中至少十五个交易日 的收盘价格不低于当期转股价格的 130%(含 130%),公告不强赎
123259,锦浪转02,154.85,300763,锦浪科技,16.766,16.763,2026-04-23,,2031-10-17,72.41,130,94.133,61.75,,0/15 | 30,如果公司股票连续 30 个交易日中至少有 15 个交易日的收盘价格不低于当期转股价格的 130%（含 130%）,公告不强赎
110077,洪城转债,204.245,600461,洪城环境,18.0,5.837,2021-05-26,,2026-11-20,4.41,130,5.733,8.95,,0/15 | 30,如果公司股票在任何连续三十个交易日中至少十五个交易日的收盘价格不低于当期转股价格的 130%(含 130%),公告不强赎
113615,金诚转债,762.759,603979,金诚信,10.0,4.958,2021-06-29,,2026-12-23,11.12,130,14.456,80.35,,0/15 | 30,如果公司股票在任何连续三十个交易日中至少十五个交易日的收盘价格不低于当期转股价格的 130%(含 130%),公告不强赎
